<?xml version="1.0" encoding="UTF-8"?>
<!DOCTYPE mapper PUBLIC "-//mybatis.org//DTD Mapper 3.0//EN" "http://mybatis.org/dtd/mybatis-3-mapper.dtd">
<mapper namespace="com.rui.yipai.mapper.ActivityInfoMapper">

    <!-- 通用查询映射结果 -->
    <resultMap id="BaseResultMap" type="com.rui.yipai.entity.ActivityInfo">
        <id column="activity_id" property="activityId" />
        <result column="user_id" property="userId" />
        <result column="business_id" property="businessId" />
        <result column="cover_pic" property="coverPic" />
        <result column="activity_grant" property="activityGrant" />
        <result column="activity_txt" property="activityTxt" />
        <result column="activity_address" property="activityAddress" />
        <result column="activity_likes_numbers" property="activityLikesNumbers" />
        <result column="activity_comments_numbers" property="activityCommentsNumbers" />
        <result column="activity_forwarding_numbers" property="activityForwardingNumbers" />
        <result column="activity_pic_list" property="activityPicList" />
        <result column="activity_time" property="activityTime" />
    </resultMap>

</mapper>
