<?xml version="1.0" encoding="UTF-8"?>
<!DOCTYPE mapper PUBLIC "-//mybatis.org//DTD Mapper 3.0//EN" "http://mybatis.org/dtd/mybatis-3-mapper.dtd">
<mapper namespace="com.rui.yipai.mapper.BusinessTypeMapper">

    <!-- 通用查询映射结果 -->
    <resultMap id="BaseResultMap" type="com.rui.yipai.entity.BusinessType">
        <id column="type_id" property="typeId" />
        <result column="business_id" property="businessId" />
        <result column="portrait" property="portrait" />
        <result column="wedding" property="wedding" />
        <result column="certificates" property="certificates" />
        <result column="gravida" property="gravida" />
        <result column="photo" property="photo" />
        <result column="image" property="image" />
        <result column="wedding_follow" property="weddingFollow" />
        <result column="product" property="product" />
        <result column="pets" property="pets" />
        <result column="baby" property="baby" />
    </resultMap>

</mapper>
