<?xml version="1.0" encoding="UTF-8"?>
<!DOCTYPE mapper PUBLIC "-//mybatis.org//DTD Mapper 3.0//EN" "http://mybatis.org/dtd/mybatis-3-mapper.dtd">
<mapper namespace="com.rui.yipai.mapper.BusinessCommentMapper">

    <!-- 通用查询映射结果 -->
    <resultMap id="BaseResultMap" type="com.rui.yipai.entity.BusinessComment">
        <id column="business_comment_id" property="businessCommentId" />
        <result column="detail_id" property="detailId" />
        <result column="user_id" property="userId" />
        <result column="comment_msg" property="commentMsg" />
        <result column="create_date" property="createDate" />
        <result column="zan_count" property="zanCount" />
        <result column="zan_id" property="zanId" />
    </resultMap>

</mapper>
