<?xml version="1.0" encoding="UTF-8"?>
<!DOCTYPE mapper PUBLIC "-//mybatis.org//DTD Mapper 3.0//EN" "http://mybatis.org/dtd/mybatis-3-mapper.dtd">
<mapper namespace="com.rui.yipai.mapper.BusinessInfoMapper">

    <!-- 通用查询映射结果 -->
    <resultMap id="BaseResultMap" type="com.rui.yipai.entity.BusinessInfo">
        <id column="business_id" property="businessId" />
        <result column="business_name" property="businessName" />
        <result column="business_address" property="businessAddress" />
        <result column="business_email" property="businessEmail" />
        <result column="business_ID_card" property="businessIdCard" />
        <result column="business_ID_name" property="businessIdName" />
        <result column="business_pic" property="businessPic" />
        <result column="business_states" property="businessStates" />
        <result column="week_do" property="weekDo" />
    </resultMap>

</mapper>
