<?xml version="1.0" encoding="UTF-8"?>
<!DOCTYPE mapper PUBLIC "-//mybatis.org//DTD Mapper 3.0//EN" "http://mybatis.org/dtd/mybatis-3-mapper.dtd">
<mapper namespace="com.rui.yipai.mapper.ServiceInfoMapper">

    <!-- 通用查询映射结果 -->
    <resultMap id="BaseResultMap" type="com.rui.yipai.entity.ServiceInfo">
        <id column="service_id" property="serviceId" />
        <result column="detail_id" property="detailId" />
        <result column="son_service_id" property="sonServiceId" />
        <result column="son_service_name" property="sonServiceName" />
        <result column="son_service_pic" property="sonServicePic" />
        <result column="son_service_stock" property="sonServiceStock" />
        <result column="son_service_price" property="sonServicePrice" />
        <result column="service_date_id" property="serviceDateId" />
    </resultMap>

</mapper>
