<?xml version="1.0" encoding="UTF-8"?>
<!DOCTYPE mapper PUBLIC "-//mybatis.org//DTD Mapper 3.0//EN" "http://mybatis.org/dtd/mybatis-3-mapper.dtd">
<mapper namespace="com.rui.yipai.mapper.StatesInfoMapper">

    <!-- 通用查询映射结果 -->
    <resultMap id="BaseResultMap" type="com.rui.yipai.entity.StatesInfo">
        <id column="states_id" property="statesId" />
        <result column="business_id" property="businessId" />
        <result column="kind_id" property="kindId" />
        <result column="user_id" property="userId" />
        <result column="product_states" property="productStates" />
        <result column="pay_time" property="payTime" />
    </resultMap>

</mapper>
