<?xml version="1.0" encoding="UTF-8"?>
<!DOCTYPE mapper PUBLIC "-//mybatis.org//DTD Mapper 3.0//EN" "http://mybatis.org/dtd/mybatis-3-mapper.dtd">
<mapper namespace="com.rui.yipai.mapper.TypeDetailMapper">

    <!-- 通用查询映射结果 -->
    <resultMap id="BaseResultMap" type="com.rui.yipai.entity.TypeDetail">
        <id column="detail_id" property="detailId" />
        <result column="business_id" property="businessId" />
        <result column="kind_id" property="kindId" />
        <result column="first_pic" property="firstPic" />
        <result column="describe" property="describe" />
        <result column="sample_list" property="sampleList" />
        <result column="product_states" property="productStates" />
    </resultMap>

</mapper>
