<?xml version="1.0" encoding="UTF-8"?>
<!DOCTYPE mapper PUBLIC "-//mybatis.org//DTD Mapper 3.0//EN" "http://mybatis.org/dtd/mybatis-3-mapper.dtd">
<mapper namespace="com.rui.yipai.mapper.UserDetailMapper">

    <!-- 通用查询映射结果 -->
    <resultMap id="BaseResultMap" type="com.rui.yipai.entity.UserDetail">
        <id column="user_brief_id" property="userBriefId" />
        <result column="user_id" property="userId" />
        <result column="user_vip" property="userVip" />
        <result column="user_integral" property="userIntegral" />
        <result column="user_address" property="userAddress" />
        <result column="user_birth" property="userBirth" />
        <result column="user_school" property="userSchool" />
        <result column="user_company" property="userCompany" />
        <result column="user_brief_introduction" property="userBriefIntroduction" />
        <result column="user_fans_num" property="userFansNum" />
        <result column="user_attention_num" property="userAttentionNum" />
        <result column="user_collection" property="userCollection" />
        <result column="user_activity_num" property="userActivityNum" />
        <result column="user_attention" property="userAttention" />
        <result column="user_sex" property="userSex" />
        <result column="user_bgk" property="userBgk" />
        <result column="user_liked_num" property="userLikedNum" />
    </resultMap>

</mapper>
