<?xml version="1.0" encoding="UTF-8"?>
<!DOCTYPE mapper PUBLIC "-//mybatis.org//DTD Mapper 3.0//EN" "http://mybatis.org/dtd/mybatis-3-mapper.dtd">
<mapper namespace="com.rui.yipai.mapper.UserReplyMapper">

    <!-- 通用查询映射结果 -->
    <resultMap id="BaseResultMap" type="com.rui.yipai.entity.UserReply">
        <id column="reply_id" property="replyId" />
        <result column="comment_id" property="commentId" />
        <result column="from_user_id" property="fromUserId" />
        <result column="to_user_id" property="toUserId" />
        <result column="reply_msg" property="replyMsg" />
        <result column="create_date" property="createDate" />
    </resultMap>

</mapper>
