<?xml version="1.0" encoding="UTF-8"?>
<!DOCTYPE mapper PUBLIC "-//mybatis.org//DTD Mapper 3.0//EN" "http://mybatis.org/dtd/mybatis-3-mapper.dtd">
<mapper namespace="com.rui.yipai.mapper.UserInfoMapper">

    <!-- 通用查询映射结果 -->
    <resultMap id="BaseResultMap" type="com.rui.yipai.entity.UserInfo">
        <id column="user_id" property="userId" />
        <result column="user_name" property="userName" />
        <result column="user_pass" property="userPass" />
        <result column="user_tel" property="userTel" />
        <result column="user_email" property="userEmail" />
        <result column="user_type" property="userType" />
        <result column="user_register_time" property="userRegisterTime" />
        <result column="user_face" property="userFace" />
        <result column="user_states" property="userStates" />
        <result column="deleted" property="deleted" />
    </resultMap>

</mapper>
